{"cameraMode":{"drawMode":0,"name":"Shaded","section":"Shading Mode"},"sceneLighting":true,"audioPlay":false,"sceneViewState":{"m_AlwaysRefresh":false,"showFog":true,"showSkybox":true,"showFlares":true,"showImageEffects":true,"showParticleSystems":true,"showVisualEffectGraphs":true,"m_FxEnabled":true},"in2DMode":false,"pivot":{"x":-4.5466132164001469,"y":-10.084333419799805,"z":-20.060592651367189},"rotation":{"x":-0.047106754034757617,"y":0.9528214931488037,"z":-0.21688494086265565,"w":-0.2069581001996994},"size":13.022601127624512,"orthographic":false}