{"cameraMode":{"drawMode":0,"name":"Shaded","section":"Shading Mode"},"sceneLighting":true,"audioPlay":false,"sceneViewState":{"m_AlwaysRefresh":false,"showFog":true,"showSkybox":true,"showFlares":true,"showImageEffects":true,"showParticleSystems":true,"showVisualEffectGraphs":true,"m_FxEnabled":true},"in2DMode":false,"pivot":{"x":5.50977087020874,"y":-3.9014458656311037,"z":-23.719959259033204},"rotation":{"x":0.0010712306248024107,"y":0.9952700734138489,"z":-0.09615171700716019,"w":0.011064831167459488},"size":13.022601127624512,"orthographic":false}