{"cameraMode":{"drawMode":0,"name":"Shaded","section":"Shading Mode"},"sceneLighting":true,"audioPlay":false,"sceneViewState":{"m_AlwaysRefresh":false,"showFog":true,"showSkybox":true,"showFlares":true,"showImageEffects":true,"showParticleSystems":true,"showVisualEffectGraphs":true,"m_FxEnabled":true},"in2DMode":false,"pivot":{"x":-1.0377330780029297,"y":-1.5408456325531006,"z":16.626131057739259},"rotation":{"x":0.10359296947717667,"y":-0.023872297257184984,"z":0.0024868904147297146,"w":0.9943258166313171},"size":11.342475891113282,"orthographic":false}